member_id;member_name;registration_time;email;date_of_birth
2015060316;Elvis Bennett;2015.06.03 16:22;egestas.Aliquam@AliquamnislNulla.co.uk;11/03/1966
201212245:;Vaughan Cooley;2012.12.24 5:35;dictum.augue@pretium.ca;10/01/1965
201707217:;Rinah Mcgee;2017.07.21 7:15;Donec.est@idantedictum.com;10/17/1987
2019120413;Xantha Rosa;2019.12.04 13:31;posuere.at@CuraePhasellus.com;03/30/1982
2019033023;Sawyer Giles;2019.03.30 23:11;Donec.vitae.erat@venenatislacus.ca;08/31/1984
201207183:;Bradley Garner;2012.07.18 3:39;Quisque.varius.Nam@ut.ca;05/03/1960
2018071016;Rosalyn Conway;2018.07.10 16:37;arcu.Sed@lorem.org;04/03/1995
201710264:;Moses Howell;2017.10.26 4:38;sed@id.ca;08/05/1987
201804226:;Davis Jefferson;2018.04.22 6:17;a.malesuada@tempus.net;01/21/2001
2016040611;Francis Rhodes;2016.04.06 11:10;Sed.congue.elit@luctussitamet.co.uk;01/05/1980
2016032013;Reese Ross;2016.03.20 13:19;Phasellus.dapibus@nulla.ca;12/23/1988
201206163:;Dillon Gardner;2012.06.16 3:12;Nulla@semperpretiumneque.com;09/22/2005
201303285:;Tatiana Mooney;2013.03.28 5:28;eu.turpis@adlitora.co.uk;02/10/1997
2013012515;Henry Johnson;2013.01.25 15:16;Maecenas.ornare@lacus.edu;06/22/1998
201509199:;Barclay Cash;2015.09.19 9:27;Lorem.ipsum.dolor@sed.org;02/04/1974
201410286:;Patricia Witt;2014.10.28 6:56;enim.commodo@cursusvestibulum.edu;09/26/1958
201703128:;Andrew Kent;2017.03.12 8:59;a@elitelitfermentum.edu;12/12/1981
201205182:;Deacon Obrien;2012.05.18 2:58;ac.sem.ut@dolorsit.co.uk;06/11/1980
2012111618;Harlan Aguirre;2012.11.16 18:31;elit.Nulla@etmagnis.ca;11/07/2000
201602279:;Ira Boyle;2016.02.27 9:24;eleifend.egestas@Cum.co.uk;04/10/2001
2015073018;Alexis Giles;2015.07.30 18:07;convallis@mollisnec.ca;09/18/1970
2016010717;Lucian Brewer;2016.01.07 17:03;Vivamus@magnisdis.net;02/25/1994
2012060710;Caesar Preston;2012.06.07 10:32;Vestibulum@risusNulla.ca;09/14/1971
201407048:;Kyla Campbell;2014.07.04 8:25;adipiscing.elit@nullaDonec.org;01/21/1963
2014011211;Isaac Hill;2014.01.12 11:01;porttitor.eros@hendreritconsectetuercursus.edu;06/24/1985
2016110910;Mikayla Garrison;2016.11.09 10:26;natoque.penatibus@risus.com;07/05/1995
2018062210;Oliver Mosley;2018.06.22 10:21;dolor@non.org;02/20/1997
201911195:;Vielka Hernandez;2019.11.19 5:17;dapibus.gravida.Aliquam@Curae.net;11/28/2000
201204153:;Imani Santana;2012.04.15 3:51;elit.sed@arcu.org;01/28/2001
2013101217;Hayden Drake;2013.10.12 17:50;leo.Cras.vehicula@sit.edu;04/21/1988
201508093:;Mollie Chambers;2015.08.09 3:14;orci.Ut@sedhendrerita.edu;11/09/1991
2016082011;Ariana Mcintosh;2016.08.20 11:01;ante.iaculis@egetvariusultrices.edu;11/06/1951
202003233:;Craig Hale;2020.03.23 3:25;erat.vitae.risus@penatibus.org;08/16/1997
201108285:;Belle Monroe;2011.08.28 5:09;Vivamus@dui.org;11/25/1986
201211115:;Jael Summers;2012.11.11 5:18;nonummy.ac@velitCras.com;01/05/1953
202005082:;Rhona Bright;2020.05.08 2:48;ante.Nunc.mauris@eget.edu;11/27/1978
2020080212;Ashton Walter;2020.08.02 12:29;massa@Phasellus.ca;02/06/1991
202004139:;Catherine Potts;2020.04.13 9:47;ipsum@molestie.co.uk;12/26/1985
201612291:;Alexander Velez;2016.12.29 1:23;augue.ac.ipsum@suscipitestac.com;03/16/1959
2013031720;Scott Wong;2013.03.17 20:34;Maecenas.ornare@nequepellentesquemassa.org;11/08/1957
201207255:;Thor Robles;2012.07.25 5:19;nisi.Cum.sociis@Pellentesquetincidunt.co.uk;05/25/1986
201801295:;Sybil Mooney;2018.01.29 5:45;erat.Sed.nunc@enim.ca;02/25/1987
2014082623;Illiana Hernandez;2014.08.26 23:35;nec.euismod.in@molestieorcitincidunt.com;09/22/1964
2015070922;Justine Wade;2015.07.09 22:14;Aliquam.ornare@nequetellus.ca;05/01/1992
201701265:;Scott Valenzuela;2017.01.26 5:31;Aenean.massa.Integer@Curabiturconsequatlectus.ca;09/06/1998
201202052:;Vivian Brown;2012.02.05 2:56;parturient.montes@Integereu.org;04/12/2001
201910135:;Ulric Gray;2019.10.13 5:58;eu.ligula@Nullam.net;05/09/1961
2012050615;Kelsie Shannon;2012.05.06 15:38;Mauris.eu.turpis@utpharetra.org;10/12/1980
201806028:;Derek Ferguson;2018.06.02 8:50;sagittis.Duis.gravida@aliquamarcuAliquam.ca;12/29/1961
201903129:;Dante Riddle;2019.03.12 9:32;a.enim@interdumligulaeu.edu;05/24/1961
201808274:;Damon Sandoval;2018.08.27 4:39;dignissim@aliquetlibero.edu;10/26/2001
202007225:;Owen Pitts;2020.07.22 5:07;tempor@lectusante.com;12/02/1957
201502118:;Armand Ferguson;2015.02.11 8:23;eu.tellus@purus.co.uk;10/21/1952
2014031921;Venus Walter;2014.03.19 21:26;turpis@sedsapien.net;03/18/1969
201709199:;Ross Noel;2017.09.19 9:17;eros.Nam@consequatpurus.edu;09/05/1992
2018122410;Buffy Lane;2018.12.24 10:20;ante@mollisIntegertincidunt.co.uk;02/17/2001
2011033023;Yetta Cantu;2011.03.30 23:38;Curabitur.dictum@Phasellusin.edu;09/10/1983
2016120517;Nathaniel Owens;2016.12.05 17:10;Nunc@enim.ca;10/02/1996
201301254:;Lesley Randall;2013.01.25 4:36;vulputate@malesuadaaugue.com;10/12/1982
2015102017;Hiram Branch;2015.10.20 17:53;Donec@euismod.ca;04/29/2005
2020041720;Ignatius Baird;2020.04.17 20:09;elit.pede.malesuada@euismodurna.co.uk;09/22/1973
2012021013;Uriah Wilcox;2012.02.10 13:28;Suspendisse.sed@tincidunt.org;12/31/1989
201312112:;Yardley Gates;2013.12.11 2:19;Suspendisse.sagittis@diam.org;03/30/1989
2015122523;Fletcher Mayer;2015.12.25 23:52;nisi.Mauris.nulla@aliquet.edu;12/24/1989
2020051217;Ginger Alvarez;2020.05.12 17:03;sed@feliseget.edu;06/03/1974
2012051312;Nevada Rich;2012.05.13 12:54;lectus.rutrum@tincidunt.net;11/05/1984
201106219:;Jamalia Pace;2011.06.21 9:23;In@gravida.com;07/15/1973
201507224:;Kay Benton;2015.07.22 4:44;metus.vitae@vitaesodalesat.org;10/09/1958
201103196:;Kylan Bond;2011.03.19 6:54;nunc.risus.varius@necdiam.edu;12/25/1997
201810026:;Gannon Goodman;2018.10.02 6:35;ullamcorper.eu.euismod@elementum.org;12/04/1970
2020090919;Conan Chapman;2020.09.09 19:14;montes.nascetur.ridiculus@tellus.net;04/29/1966
201302027:;Deacon Jenkins;2013.02.02 7:09;non.dapibus@tempus.co.uk;11/10/1971
202009095:;Heather Morris;2020.09.09 5:15;tincidunt.adipiscing.Mauris@amet.co.uk;06/20/2005
2015061016;Odette Warner;2015.06.10 16:48;per@atlacus.edu;06/04/1986
2016061720;Roth Clay;2016.06.17 20:12;sagittis.Nullam.vitae@atrisusNunc.com;07/27/2003
2011092721;Maisie Oneal;2011.09.27 21:40;varius.Nam@sollicitudinadipiscingligula.net;09/27/1971
201803300:;Alfonso Berger;2018.03.30 0:16;ligula.Donec@interdumSedauctor.ca;07/07/1972
201306258:;Benedict Gross;2013.06.25 8:30;feugiat.Lorem.ipsum@est.net;09/05/1970
2019012420;Ferdinand Andrews;2019.01.24 20:07;pharetra.Quisque@fringillacursus.net;03/11/1983
201112041:;Dakota Mack;2011.12.04 1:47;Mauris.quis.turpis@eros.ca;08/31/1980
2014092422;Sage Kline;2014.09.24 22:58;Mauris.nulla.Integer@velfaucibus.com;06/04/1973
2018060720;Cody Blevins;2018.06.07 20:23;enim@semvitaealiquam.co.uk;12/11/2003
201803093:;Darryl Moss;2018.03.09 3:12;semper.erat@non.com;10/18/1983
2014013118;Aurelia Atkinson;2014.01.31 18:56;Vivamus@aliquetliberoInteger.ca;02/26/1996
201303273:;Denise Berger;2013.03.27 3:49;consectetuer.cursus.et@sedconsequatauctor.ca;07/04/1957
2016080817;Plato Cochran;2016.08.08 17:30;amet.faucibus@pedeet.edu;07/04/1955
2018073120;Ashely Prince;2018.07.31 20:05;massa.Quisque.porttitor@dui.org;03/11/1960
201601220:;Clayton Grimes;2016.01.22 0:25;quam.Curabitur@mi.co.uk;05/19/1995
2012112615;Fuller Mccoy;2012.11.26 15:45;vulputate.risus@Phasellusfermentumconvallis.ca;09/09/1976
2019100221;Minerva Green;2019.10.02 21:36;lectus.a.sollicitudin@nisiCum.co.uk;08/17/1953
2019070810;Quinn Frederick;2019.07.08 10:41;lobortis@tristiquesenectus.edu;09/10/1996
2019100616;Vance Chang;2019.10.06 16:38;malesuada.Integer.id@tellusNunclectus.com;06/14/1984
2014013022;Hayes Young;2014.01.30 22:40;lacus.varius@mollisneccursus.edu;07/12/1970
2017082916;Ronan Roth;2017.08.29 16:44;lectus.quis@acfeugiatnon.ca;07/16/1957
201606308:;Yoko King;2016.06.30 8:01;nulla.ante.iaculis@Nunc.net;12/07/2004
201209294:;Silas Maxwell;2012.09.29 4:54;mauris@gravidasit.org;08/20/1995
201202175:;Xaviera Rosa;2012.02.17 5:58;augue.ac@sitametconsectetuer.co.uk;12/18/1997
201503287:;Ria Walker;2015.03.28 7:05;magna.malesuada@nullamagnamalesuada.org;07/28/1955
201610106:;Blaze Bartlett;2016.10.10 6:10;quis.pede@leo.net;09/24/1995
201607134:;Azalia Washington;2016.07.13 4:26;venenatis.lacus.Etiam@MorbimetusVivamus.net;11/30/1980
